{
  "n_layers": 24,
  "counts": {
    "harmful": 80,
    "edge": 120
  },
  "delta_score_mean": {
    "1": {
      "harmful": 7.25625,
      "edge": 4.452604166666666
    },
    "2": {
      "harmful": 7.25625,
      "edge": 4.452604166666666
    },
    "3": {
      "harmful": 7.25625,
      "edge": 4.452604166666666
    },
    "4": {
      "harmful": 7.25625,
      "edge": 4.452604166666666
    },
    "5": {
      "harmful": 7.25625,
      "edge": 4.452604166666666
    },
    "6": {
      "harmful": 7.25625,
      "edge": 4.452604166666666
    },
    "7": {
      "harmful": 7.25625,
      "edge": 4.452604166666666
    },
    "8": {
      "harmful": 7.25625,
      "edge": 4.452604166666666
    },
    "9": {
      "harmful": 7.25625,
      "edge": 4.452604166666666
    },
    "10": {
      "harmful": 7.25625,
      "edge": 4.452604166666666
    },
    "11": {
      "harmful": 7.25625,
      "edge": 4.452604166666666
    },
    "12": {
      "harmful": 7.25625,
      "edge": 4.452604166666666
    },
    "13": {
      "harmful": 7.25625,
      "edge": 4.452604166666666
    },
    "14": {
      "harmful": 7.25625,
      "edge": 4.452604166666666
    },
    "15": {
      "harmful": 7.25625,
      "edge": 4.452604166666666
    },
    "16": {
      "harmful": 7.25625,
      "edge": 4.452604166666666
    },
    "17": {
      "harmful": 7.25625,
      "edge": 4.452604166666666
    },
    "18": {
      "harmful": 7.25625,
      "edge": 4.452604166666666
    },
    "19": {
      "harmful": 7.25625,
      "edge": 4.452604166666666
    },
    "20": {
      "harmful": 7.25625,
      "edge": 4.452604166666666
    },
    "21": {
      "harmful": 7.25625,
      "edge": 4.452604166666666
    },
    "22": {
      "harmful": 7.25625,
      "edge": 4.452604166666666
    },
    "23": {
      "harmful": 7.25625,
      "edge": 4.452604166666666
    },
    "24": {
      "harmful": 7.25625,
      "edge": 4.452604166666666
    }
  }
}