{
  "n_layers": 24,
  "counts": {
    "harmful": 80,
    "edge": 120
  },
  "delta_score_mean": {
    "hook_resid_pre": {
      "0": {
        "harmful": -0.01796875,
        "edge": -0.013802083333333333
      },
      "1": {
        "harmful": 0.0171875,
        "edge": 0.00703125
      },
      "2": {
        "harmful": -0.24375,
        "edge": -0.15859375
      },
      "3": {
        "harmful": -0.27578125,
        "edge": -0.17630208333333333
      },
      "4": {
        "harmful": 0.3234375,
        "edge": 0.36302083333333335
      },
      "5": {
        "harmful": 0.3234375,
        "edge": 0.2518229166666667
      },
      "6": {
        "harmful": 0.6125,
        "edge": 0.503125
      },
      "7": {
        "harmful": 0.647265625,
        "edge": 0.49114583333333334
      },
      "8": {
        "harmful": 0.737890625,
        "edge": 0.5950520833333334
      },
      "9": {
        "harmful": 0.697265625,
        "edge": 0.53125
      },
      "10": {
        "harmful": 1.05546875,
        "edge": 0.7888020833333333
      },
      "11": {
        "harmful": 1.66171875,
        "edge": 1.1768229166666666
      },
      "12": {
        "harmful": 2.134375,
        "edge": 1.6893229166666666
      },
      "13": {
        "harmful": 3.571875,
        "edge": 2.3442708333333333
      },
      "14": {
        "harmful": 4.8796875,
        "edge": 3.6005208333333334
      },
      "15": {
        "harmful": 6.1390625,
        "edge": 3.6880208333333333
      },
      "16": {
        "harmful": 6.54453125,
        "edge": 3.959375
      },
      "17": {
        "harmful": 6.65625,
        "edge": 4.095833333333333
      },
      "18": {
        "harmful": 7.071875,
        "edge": 4.436458333333333
      },
      "19": {
        "harmful": 6.85078125,
        "edge": 4.234375
      },
      "20": {
        "harmful": 6.98515625,
        "edge": 4.277604166666666
      },
      "21": {
        "harmful": 7.11328125,
        "edge": 4.418229166666666
      },
      "22": {
        "harmful": 7.16953125,
        "edge": 4.498958333333333
      },
      "23": {
        "harmful": 7.25625,
        "edge": 4.452604166666666
      }
    },
    "hook_attn_out": {
      "0": {
        "harmful": 0.00625,
        "edge": 0.0
      },
      "1": {
        "harmful": -0.121875,
        "edge": -0.071875
      },
      "2": {
        "harmful": 0.06796875,
        "edge": 0.06822916666666666
      },
      "3": {
        "harmful": 0.19296875,
        "edge": 0.26197916666666665
      },
      "4": {
        "harmful": 0.30546875,
        "edge": 0.18854166666666666
      },
      "5": {
        "harmful": 0.1609375,
        "edge": 0.2515625
      },
      "6": {
        "harmful": 0.37265625,
        "edge": 0.2890625
      },
      "7": {
        "harmful": -0.24140625,
        "edge": 0.025520833333333333
      },
      "8": {
        "harmful": 0.096875,
        "edge": 0.30416666666666664
      },
      "9": {
        "harmful": 0.23828125,
        "edge": 0.26927083333333335
      },
      "10": {
        "harmful": 0.34140625,
        "edge": 0.5138020833333333
      },
      "11": {
        "harmful": 0.45703125,
        "edge": 0.35
      },
      "12": {
        "harmful": 0.63125,
        "edge": 0.26875
      },
      "13": {
        "harmful": 0.11015625,
        "edge": -0.00078125
      },
      "14": {
        "harmful": -0.13828125,
        "edge": -0.43020833333333336
      },
      "15": {
        "harmful": 0.1609375,
        "edge": -0.024479166666666666
      },
      "16": {
        "harmful": -0.2578125,
        "edge": -0.17864583333333334
      },
      "17": {
        "harmful": 0.11875,
        "edge": 0.10364583333333334
      },
      "18": {
        "harmful": 0.1140625,
        "edge": 0.010416666666666666
      },
      "19": {
        "harmful": -0.13515625,
        "edge": -0.15260416666666668
      },
      "20": {
        "harmful": 0.48984375,
        "edge": 0.5432291666666667
      },
      "21": {
        "harmful": 0.73203125,
        "edge": 0.8447916666666667
      },
      "22": {
        "harmful": 0.32578125,
        "edge": 0.36822916666666666
      },
      "23": {
        "harmful": -0.3578125,
        "edge": -0.24479166666666666
      }
    },
    "hook_mlp_out": {
      "0": {
        "harmful": 0.01640625,
        "edge": -0.00390625
      },
      "1": {
        "harmful": -0.05546875,
        "edge": -0.054947916666666666
      },
      "2": {
        "harmful": -0.0765625,
        "edge": -0.08828125
      },
      "3": {
        "harmful": 0.13828125,
        "edge": 0.12291666666666666
      },
      "4": {
        "harmful": -0.203125,
        "edge": -0.07786458333333333
      },
      "5": {
        "harmful": -0.23359375,
        "edge": -0.057291666666666664
      },
      "6": {
        "harmful": 0.53125,
        "edge": 0.3234375
      },
      "7": {
        "harmful": -0.694921875,
        "edge": -0.5328125
      },
      "8": {
        "harmful": -0.1953125,
        "edge": -0.11875
      },
      "9": {
        "harmful": -0.1328125,
        "edge": -0.0026041666666666665
      },
      "10": {
        "harmful": 0.1359375,
        "edge": 0.03177083333333333
      },
      "11": {
        "harmful": 0.31640625,
        "edge": 0.2596354166666667
      },
      "12": {
        "harmful": 1.65859375,
        "edge": 1.5723958333333334
      },
      "13": {
        "harmful": 0.97734375,
        "edge": 0.5643229166666667
      },
      "14": {
        "harmful": 1.24609375,
        "edge": 0.6325520833333333
      },
      "15": {
        "harmful": 2.3015625,
        "edge": 1.4328125
      },
      "16": {
        "harmful": 1.34296875,
        "edge": 0.7322916666666667
      },
      "17": {
        "harmful": 2.60625,
        "edge": 1.6291666666666667
      },
      "18": {
        "harmful": 0.99375,
        "edge": 0.7658854166666667
      },
      "19": {
        "harmful": 1.26875,
        "edge": 0.6911458333333333
      },
      "20": {
        "harmful": 2.28515625,
        "edge": 1.3932291666666667
      },
      "21": {
        "harmful": 1.578125,
        "edge": 1.2322916666666666
      },
      "22": {
        "harmful": -0.56015625,
        "edge": 0.39791666666666664
      },
      "23": {
        "harmful": -0.7,
        "edge": 0.1875
      }
    },
    "hook_resid_post": {
      "0": {
        "harmful": 0.0171875,
        "edge": 0.00703125
      },
      "1": {
        "harmful": -0.24375,
        "edge": -0.15859375
      },
      "2": {
        "harmful": -0.27578125,
        "edge": -0.17630208333333333
      },
      "3": {
        "harmful": 0.3234375,
        "edge": 0.36302083333333335
      },
      "4": {
        "harmful": 0.3234375,
        "edge": 0.2518229166666667
      },
      "5": {
        "harmful": 0.6125,
        "edge": 0.503125
      },
      "6": {
        "harmful": 0.647265625,
        "edge": 0.49114583333333334
      },
      "7": {
        "harmful": 0.737890625,
        "edge": 0.5950520833333334
      },
      "8": {
        "harmful": 0.697265625,
        "edge": 0.53125
      },
      "9": {
        "harmful": 1.05546875,
        "edge": 0.7888020833333333
      },
      "10": {
        "harmful": 1.66171875,
        "edge": 1.1768229166666666
      },
      "11": {
        "harmful": 2.134375,
        "edge": 1.6893229166666666
      },
      "12": {
        "harmful": 3.571875,
        "edge": 2.3442708333333333
      },
      "13": {
        "harmful": 4.8796875,
        "edge": 3.6005208333333334
      },
      "14": {
        "harmful": 6.1390625,
        "edge": 3.6880208333333333
      },
      "15": {
        "harmful": 6.54453125,
        "edge": 3.959375
      },
      "16": {
        "harmful": 6.65625,
        "edge": 4.095833333333333
      },
      "17": {
        "harmful": 7.071875,
        "edge": 4.436458333333333
      },
      "18": {
        "harmful": 6.85078125,
        "edge": 4.234375
      },