{
  "n_layers": 24,
  "counts": {
    "harmful": 80,
    "edge": 120
  },
  "delta_score_mean": {
    "1": {
      "harmful": -0.7,
      "edge": 0.1875
    },
    "2": {
      "harmful": -1.3328125,
      "edge": -0.15572916666666667
    },
    "3": {
      "harmful": 0.2109375,
      "edge": 0.8671875
    },
    "4": {
      "harmful": 2.053125,
      "edge": 1.5822916666666667
    },
    "5": {
      "harmful": 2.26171875,
      "edge": 1.4151041666666666
    },
    "6": {
      "harmful": 3.01328125,
      "edge": 1.8645833333333333
    },
    "7": {
      "harmful": 3.878125,
      "edge": 2.2291666666666665
    },
    "8": {
      "harmful": 4.74296875,
      "edge": 2.448958333333333
    },
    "9": {
      "harmful": 4.86484375,
      "edge": 2.6109375
    },
    "10": {
      "harmful": 4.953125,
      "edge": 2.7119791666666666
    },
    "11": {
      "harmful": 4.81796875,
      "edge": 2.55
    },
    "12": {
      "harmful": 4.8171875,
      "edge": 2.5697916666666667
    },
    "13": {
      "harmful": 4.71171875,
      "edge": 2.4520833333333334
    },
    "14": {
      "harmful": 4.5109375,
      "edge": 2.3645833333333335
    },
    "15": {
      "harmful": 4.54765625,
      "edge": 2.386979166666667
    },
    "16": {
      "harmful": 4.67734375,
      "edge": 2.543229166666667
    },
    "17": {
      "harmful": 4.8203125,
      "edge": 2.630729166666667
    },
    "18": {
      "harmful": 4.64375,
      "edge": 2.4661458333333335
    },
    "19": {
      "harmful": 4.8,
      "edge": 2.6875
    },
    "20": {
      "harmful": 4.74609375,
      "edge": 2.574479166666667
    },
    "21": {
      "harmful": 4.78515625,
      "edge": 2.5770833333333334
    },
    "22": {
      "harmful": 4.7859375,
      "edge": 2.5307291666666667
    },
    "23": {
      "harmful": 4.78125,
      "edge": 2.5104166666666665
    },
    "24": {
      "harmful": 4.815625,
      "edge": 2.534895833333333
    }
  }
}