{
  "n_layers": 24,
  "counts": {
    "harmful": 80,
    "edge": 120
  },
  "delta_score_mean": {
    "0": {
      "harmful": -0.01796875,
      "edge": -0.013802083333333333
    },
    "1": {
      "harmful": 0.0171875,
      "edge": 0.00703125
    },
    "2": {
      "harmful": -0.24375,
      "edge": -0.15859375
    },
    "3": {
      "harmful": -0.27578125,
      "edge": -0.17630208333333333
    },
    "4": {
      "harmful": 0.3234375,
      "edge": 0.36302083333333335
    },
    "5": {
      "harmful": 0.3234375,
      "edge": 0.2518229166666667
    },
    "6": {
      "harmful": 0.6125,
      "edge": 0.503125
    },
    "7": {
      "harmful": 0.647265625,
      "edge": 0.49114583333333334
    },
    "8": {
      "harmful": 0.737890625,
      "edge": 0.5950520833333334
    },
    "9": {
      "harmful": 0.697265625,
      "edge": 0.53125
    },
    "10": {
      "harmful": 1.05546875,
      "edge": 0.7888020833333333
    },
    "11": {
      "harmful": 1.66171875,
      "edge": 1.1768229166666666
    },
    "12": {
      "harmful": 2.134375,
      "edge": 1.6893229166666666
    },
    "13": {
      "harmful": 3.571875,
      "edge": 2.3442708333333333
    },
    "14": {
      "harmful": 4.8796875,
      "edge": 3.6005208333333334
    },
    "15": {
      "harmful": 6.1390625,
      "edge": 3.6880208333333333
    },
    "16": {
      "harmful": 6.54453125,
      "edge": 3.959375
    },
    "17": {
      "harmful": 6.65625,
      "edge": 4.095833333333333
    },
    "18": {
      "harmful": 7.071875,
      "edge": 4.436458333333333
    },
    "19": {
      "harmful": 6.85078125,
      "edge": 4.234375
    },
    "20": {
      "harmful": 6.98515625,
      "edge": 4.277604166666666
    },
    "21": {
      "harmful": 7.11328125,
      "edge": 4.418229166666666
    },
    "22": {
      "harmful": 7.16953125,
      "edge": 4.498958333333333
    },
    "23": {
      "harmful": 7.25625,
      "edge": 4.452604166666666
    }
  }
}