{
  "layer": 23,
  "site": "hook_resid_pre",
  "hook_name": "blocks.23.hook_resid_pre",
  "pos": -1,
  "system": "You are a helpful assistant.",
  "alphas": [
    -6.0,
    -4.0,
    -2.0,
    -1.0,
    0.0,
    1.0,
    2.0,
    4.0,
    6.0
  ],
  "direction_norm": 1.0,
  "direction_pre_norm": 20.199626922607422,
  "balanced_selection": {
    "method": "top/bottom by s_inst (edge prompts)",
    "top_n": 30,
    "bottom_n": 30,
    "scores_source": "runs/qwen25_scores.csv",
    "top_ids": [
      "e064",
      "e054",
      "e008",
      "e017",
      "e012",
      "e065",
      "e020",
      "e092",
      "e033",
      "e077",
      "e087",
      "e066",
      "e050",
      "e061",
      "e067",
      "e119",
      "e053",
      "e057",
      "e068",
      "e104",
      "e109",
      "e001",
      "e003",
      "e114",
      "e100",
      "e014",
      "e071",
      "e086",
      "e113",
      "e059"
    ],
    "bottom_ids": [
      "e055",
      "e078",
      "e118",
      "e094",
      "e026",
      "e120",
      "e063",
      "e031",
      "e042",
      "e075",
      "e105",
      "e032",
      "e048",
      "e062",
      "e115",
      "e021",
      "e069",
      "e070",
      "e093",
      "e116",
      "e091",
      "e005",
      "e002",
      "e038",
      "e096",
      "e073",
      "e010",
      "e083",
      "e088",
      "e095"
    ],
    "top_s_inst_minmax": [
      5.875,
      10.0625
    ],
    "bottom_s_inst_minmax": [
      -2.5,
      1.375
    ]
  },
  "counts": {
    "edge": 120,
    "harmful": 80
  },
  "results": [
    {
      "alpha": -6.0,
      "base_edge_meanstd": [
        -2.816927194595337,
        1.0937596559524536
      ],
      "base_harm_meanstd": [
        -2.44140625,
        1.0128251314163208
      ],
      "inst_edge_meanstd": [
        1.7447916269302368,
        2.8165316581726074
      ],
      "inst_harm_meanstd": [
        5.072656154632568,
        2.2431633472442627
      ]
    },
    {
      "alpha": -4.0,
      "base_edge_meanstd": [
        -2.2906250953674316,
        1.0920194387435913
      ],
      "base_harm_meanstd": [
        -1.953125,
        0.9977269172668457
      ],
      "inst_edge_meanstd": [
        2.394791603088379,
        2.7918918132781982
      ],
      "inst_harm_meanstd": [
        5.650781154632568,
        2.1848576068878174
      ]
    },
    {
      "alpha": -2.0,
      "base_edge_meanstd": [
        -1.7526041269302368,
        1.1038122177124023
      ],
      "base_harm_meanstd": [
        -1.4375,
        1.0045793056488037
      ],
      "inst_edge_meanstd": [
        3.0390625,
        2.772470474243164
      ],
      "inst_harm_meanstd": [
        6.211718559265137,
        2.121354818344116
      ]
    },
    {
      "alpha": -1.0,
      "base_edge_meanstd": [
        -1.4942708015441895,
        1.1002484560012817
      ],
      "base_harm_meanstd": [
        -1.204687476158142,
        1.0052098035812378
      ],
      "inst_edge_meanstd": [
        3.325000047683716,
        2.757218360900879
      ],
      "inst_harm_meanstd": [
        6.479687690734863,
        2.078648328781128
      ]
    },
    {
      "alpha": 0.0,
      "base_edge_meanstd": [
        -1.2322916984558105,
        1.115328311920166
      ],
      "base_harm_meanstd": [
        -0.964062511920929,
        0.9971529245376587
      ],
      "inst_edge_meanstd": [
        3.648958444595337,
        2.735391855239868
      ],
      "inst_harm_meanstd": [
        6.747656345367432,
        2.05843448638916
      ]
    },
    {
      "alpha": 1.0,
      "base_edge_meanstd": [
        -0.9708333611488342,
        1.111930251121521
      ],
      "base_harm_meanstd": [
        -0.717968761920929,
        0.9998531937599182
      ],
      "inst_edge_meanstd": [
        3.942187547683716,
        2.713850498199463
      ],
      "inst_harm_meanstd": [
        7.010156154632568,
        2.029144287109375
      ]
    },
    {
      "alpha": 2.0,
      "base_edge_meanstd": [
        -0.7177083492279053,
        1.1272830963134766
      ],
      "base_harm_meanstd": [
        -0.48359376192092896,
        1.0049071311950684
      ],
      "inst_edge_meanstd": [
        4.247395992279053,
        2.6850085258483887
      ],
      "inst_harm_meanstd": [
        7.260937690734863,
        1.9922891855239868
      ]
    },
    {
      "alpha": 4.0,
      "base_edge_meanstd": [
        -0.19114583730697632,
        1.1395841836929321
      ],
      "base_harm_meanstd": [
        0.01328125037252903,
        1.0078158378601074
      ],
      "inst_edge_meanstd": [
        4.843229293823242,
        2.6408746242523193
      ],
      "inst_harm_meanstd": [
        7.767968654632568,
        1.9363452196121216
      ]
    },
    {
      "alpha": 6.0,
      "base_edge_meanstd": [
        0.30520832538604736,
        1.150412678718567
      ],
      "base_harm_meanstd": [
        0.46796876192092896,
        1.008363127708435
      ],
      "inst_edge_meanstd": [
        5.417187690734863,
        2.5691752433776855
      ],
      "inst_harm_meanstd": [
        8.221875190734863,
        1.8641325235366821
      ]
    }
  ]
}