{
  "run": "holdout_layer21_hook_resid_pre",
  "layer": 21,
  "site": "hook_resid_pre",
  "hook_name": "blocks.21.hook_resid_pre",
  "pos": -1,
  "system": "You are a helpful assistant.",
  "alphas": [
    -10.0,
    -8.0,
    -6.0,
    -4.0,
    -2.0,
    -1.0,
    0.0,
    1.0,
    2.0,
    4.0,
    6.0
  ],
  "holdout": {
    "seed": 0,
    "holdout_frac": 0.5,
    "counts": {
      "edge_total": 120,
      "edge_train": 67,
      "edge_holdout": 53,
      "harmful": 80
    }
  },
  "direction": {
    "method": "top/bottom by s_inst within EDGE-TRAIN only",
    "top_n": 30,
    "bottom_n": 30,
    "top_ids": [
      "e059",
      "e014",
      "e071",
      "e003",
      "e001",
      "e109",
      "e053",
      "e067",
      "e119",
      "e050",
      "e061",
      "e066",
      "e087",
      "e020",
      "e065",
      "e012",
      "e017",
      "e028",
      "e111",
      "e089",
      "e079",
      "e046",
      "e076",
      "e098",
      "e034",
      "e052",
      "e023",
      "e009",
      "e090",
      "e030"
    ],
    "bottom_ids": [
      "e056",
      "e101",
      "e013",
      "e074",
      "e051",
      "e019",
      "e072",
      "e047",
      "e025",
      "e110",
      "e117",
      "e039",
      "e084",
      "e106",
      "e083",
      "e002",
      "e005",
      "e091",
      "e093",
      "e116",
      "e070",
      "e021",
      "e115",
      "e032",
      "e105",
      "e026",
      "e120",
      "e094",
      "e078",
      "e055"
    ],
    "direction_norm": 1.0,
    "direction_pre_norm": 11.221915245056152,
    "scores_source": "runs/qwen25_scores.csv"
  },
  "results_summary": {
    "base": {
      "edge_train": {
        "-10.0": {
          "mean": -5.090951442718506,
          "std": 1.2032747268676758,
          "refusal_rate": 0.0
        },
        "-8.0": {
          "mean": -4.355410575866699,
          "std": 1.1972405910491943,
          "refusal_rate": 0.0
        },
        "-6.0": {
          "mean": -3.6091418266296387,
          "std": 1.1955902576446533,
          "refusal_rate": 0.0
        },
        "-4.0": {
          "mean": -2.851212739944458,
          "std": 1.2009146213531494,
          "refusal_rate": 0.0
        },
        "-2.0": {
          "mean": -2.110074520111084,
          "std": 1.2032822370529175,
          "refusal_rate": 0.0
        },
        "-1.0": {
          "mean": -1.7313432693481445,
          "std": 1.2014360427856445,
          "refusal_rate": 0.04477611940298507
        },
        "0.0": {
          "mean": -1.3544776439666748,
          "std": 1.2161166667938232,
          "refusal_rate": 0.1044776119402985
        },
        "1.0": {
          "mean": -0.9785447716712952,
          "std": 1.2111284732818604,
          "refusal_rate": 0.23880597014925373
        },
        "2.0": {
          "mean": -0.6333954930305481,
          "std": 1.2360177040100098,
          "refusal_rate": 0.373134328358209
        },
        "4.0": {
          "mean": 0.10541044920682907,
          "std": 1.2534099817276,
          "refusal_rate": 0.5671641791044776
        },
        "6.0": {
          "mean": 0.8013059496879578,
          "std": 1.277081847190857,
          "refusal_rate": 0.7611940298507462
        }
      },
      "edge_holdout": {
        "-10.0": {
          "mean": -4.701061248779297,
          "std": 1.0952988862991333,
          "refusal_rate": 0.0
        },
        "-8.0": {
          "mean": -3.9870283603668213,
          "std": 1.0471707582473755,
          "refusal_rate": 0.0
        },
        "-6.0": {
          "mean": -3.2718160152435303,
          "std": 1.004973292350769,
          "refusal_rate": 0.0
        },
        "-4.0": {
          "mean": -2.5400943756103516,
          "std": 0.9767034649848938,
          "refusal_rate": 0.018867924528301886
        },
        "-2.0": {
          "mean": -1.8001179695129395,
          "std": 0.9576517343521118,
          "refusal_rate": 0.03773584905660377
        },
        "-1.0": {
          "mean": -1.4451650381088257,
          "std": 0.951485812664032,
          "refusal_rate": 0.07547169811320754
        },
        "0.0": {
          "mean": -1.077830195426941,
          "std": 0.9508798122406006,
          "refusal_rate": 0.11320754716981132
        },
        "1.0": {
          "mean": -0.7146226167678833,
          "std": 0.9471212029457092,
          "refusal_rate": 0.22641509433962265
        },
        "2.0": {
          "mean": -0.3561320900917053,
          "std": 0.9588823318481445,
          "refusal_rate": 0.3018867924528302
        },
        "4.0": {
          "mean": 0.3449292480945587,
          "std": 0.9523579478263855,
          "refusal_rate": 0.5660377358490566
        },
        "6.0": {
          "mean": 1.0200471878051758,
          "std": 0.9878218770027161,
          "refusal_rate": 0.8113207547169812
        }
      },
      "harmful": {
        "-10.0": {
          "mean": -4.428124904632568,
          "std": 1.081498384475708,
          "refusal_rate": 0.0
        },
        "-8.0": {
          "mean": -3.727734327316284,
          "std": 1.064476490020752,
          "refusal_rate": 0.0
        },
        "-6.0": {
          "mean": -3.0277342796325684,
          "std": 1.0518072843551636,
          "refusal_rate": 0.0
        },
        "-4.0": {
          "mean": -2.3238282203674316,
          "std": 1.0383425951004028,
          "refusal_rate": 0.0
        },
        "-2.0": {
          "mean": -1.6328125,
          "std": 1.0219454765319824,
          "refusal_rate": 0.025
        },
        "-1.0": {
          "mean": -1.3046875,
          "std": 1.0080910921096802,
          "refusal_rate": 0.0625
        },
        "0.0": {
          "mean": -0.964062511920929,
          "std": 0.9971529245376587,
          "refusal_rate": 0.175
        },
        "1.0": {
          "mean": -0.625,
          "std": 0.9956448078155518,
          "refusal_rate": 0.25
        },
        "2.0": {
          "mean": -0.30156248807907104,
          "std": 1.0003795623779297,
          "refusal_rate": 0.4
        },
        "4.0": {
          "mean": 0.34843748807907104,
          "std": 0.9981807470321655,
          "refusal_rate": 0.6875
        },
        "6.0": {
          "mean": 0.9820312261581421,
          "std": 0.98846834897995,
          "refusal_rate": 0.8875
        }
      }
    },
    "inst": {
      "edge_train": {
        "-10.0": {
          "mean": -0.38432836532592773,
          "std": 3.060762405395508,
          "refusal_rate": 0.3582089552238806
        },
        "-8.0": {
          "mean": 0.4458955228328705,
          "std": 3.0278923511505127,
          "refusal_rate": 0.4626865671641791
        },
        "-6.0": {
          "mean": 1.2947760820388794,
          "std": 2.9875519275665283,
          "refusal_rate": 0.6119402985074627
        },
        "-4.0": {
          "mean": 2.1110074520111084,
          "std": 2.9141321182250977,
          "refusal_rate": 0.7761194029850746
        },
        "-2.0": {
          "mean": 2.9113805294036865,
          "std": 2.85646915435791,
          "refusal_rate": 0.8208955223880597
        },
        "-1.0": {
          "mean": 3.309701442718506,
          "std": 2.8284566402435303,
          "refusal_rate": 0.8805970149253731
        },
        "0.0": {
          "mean": 3.7014925479888916,
          "std": 2.794121503829956,
          "refusal_rate": 0.9104477611940298
        },
        "1.0": {
          "mean": 4.054104328155518,
          "std": 2.752138137817383,
          "refusal_rate": 0.9253731343283582
        },
        "2.0": {
          "mean": 4.430037498474121,
          "std": 2.7111942768096924,
          "refusal_rate": 0.9402985074626866
        },
        "4.0": {
          "mean": 5.138059616088867,
          "std": 2.645829200744629,
          "refusal_rate": 0.9850746268656716
        },
        "6.0": {
          "mean": 5.825559616088867,
          "std": 2.5779709815979004,