{
  "layer": 21,
  "site": "hook_resid_pre",
  "hook_name": "blocks.21.hook_resid_pre",
  "pos": -1,
  "system": "You are a helpful assistant.",
  "alphas": [
    -10.0,
    -8.0,
    -6.0,
    -4.0,
    -2.0,
    -1.0,
    0.0,
    1.0,
    2.0,
    4.0,
    6.0
  ],
  "direction_norm": 1.0,
  "direction_pre_norm": 16.710540771484375,
  "balanced_selection": {
    "method": "top/bottom by s_inst (edge prompts)",
    "top_n": 30,
    "bottom_n": 30,
    "scores_source": "runs/qwen25_scores.csv",
    "top_ids": [
      "e064",
      "e054",
      "e008",
      "e017",
      "e012",
      "e065",
      "e020",
      "e092",
      "e033",
      "e077",
      "e087",
      "e066",
      "e050",
      "e061",
      "e067",
      "e119",
      "e053",
      "e057",
      "e068",
      "e104",
      "e109",
      "e001",
      "e003",
      "e114",
      "e100",
      "e014",
      "e071",
      "e086",
      "e113",
      "e059"
    ],
    "bottom_ids": [
      "e055",
      "e078",
      "e118",
      "e094",
      "e026",
      "e120",
      "e063",
      "e031",
      "e042",
      "e075",
      "e105",
      "e032",
      "e048",
      "e062",
      "e115",
      "e021",
      "e069",
      "e070",
      "e093",
      "e116",
      "e091",
      "e005",
      "e002",
      "e038",
      "e096",
      "e073",
      "e010",
      "e083",
      "e088",
      "e095"
    ],
    "top_s_inst_minmax": [
      5.875,
      10.0625
    ],
    "bottom_s_inst_minmax": [
      -2.5,
      1.375
    ]
  },
  "counts": {
    "edge": 120,
    "harmful": 80
  },
  "results": [
    {
      "alpha": -10.0,
      "base_edge_meanstd": [
        -4.687239646911621,
        1.1699045896530151
      ],
      "base_harm_meanstd": [
        -4.169140815734863,
        1.0849275588989258
      ],
      "inst_edge_meanstd": [
        -0.43697917461395264,
        3.038013219833374
      ],
      "inst_harm_meanstd": [
        3.264843702316284,
        2.461148262023926
      ]
    },
    {
      "alpha": -8.0,
      "base_edge_meanstd": [
        -4.005468845367432,
        1.15268075466156
      ],
      "base_harm_meanstd": [
        -3.530078172683716,
        1.0707337856292725
      ],
      "inst_edge_meanstd": [
        0.4052083194255829,
        2.988650321960449
      ],
      "inst_harm_meanstd": [
        4.010156154632568,
        2.3782551288604736
      ]
    },
    {
      "alpha": -6.0,
      "base_edge_meanstd": [
        -3.293229103088379,
        1.1358717679977417
      ],
      "base_harm_meanstd": [
        -2.864062547683716,
        1.0479017496109009
      ],
      "inst_edge_meanstd": [
        1.2427083253860474,
        2.9350075721740723
      ],
      "inst_harm_meanstd": [
        4.721875190734863,
        2.29396915435791
      ]
    },
    {
      "alpha": -4.0,
      "base_edge_meanstd": [
        -2.605989694595337,
        1.1201378107070923
      ],
      "base_harm_meanstd": [
        -2.2210936546325684,
        1.0320992469787598
      ],
      "inst_edge_meanstd": [
        2.082812547683716,
        2.8747074604034424
      ],
      "inst_harm_meanstd": [
        5.416406154632568,
        2.2039990425109863
      ]
    },
    {
      "alpha": -2.0,
      "base_edge_meanstd": [
        -1.9093749523162842,
        1.1142381429672241
      ],
      "base_harm_meanstd": [
        -1.57421875,
        1.0070112943649292
      ],
      "inst_edge_meanstd": [
        2.871354103088379,
        2.820258855819702
      ],
      "inst_harm_meanstd": [
        6.115624904632568,
        2.1393837928771973
      ]
    },
    {
      "alpha": -1.0,
      "base_edge_meanstd": [
        -1.5838541984558105,
        1.1066573858261108
      ],
      "base_harm_meanstd": [
        -1.2781250476837158,
        1.0092298984527588
      ],
      "inst_edge_meanstd": [
        3.2598958015441895,
        2.773361921310425
      ],
      "inst_harm_meanstd": [
        6.421093940734863,
        2.0900094509124756
      ]
    },
    {
      "alpha": 0.0,
      "base_edge_meanstd": [
        -1.2322916984558105,
        1.115328311920166
      ],
      "base_harm_meanstd": [
        -0.964062511920929,
        0.9971529245376587
      ],
      "inst_edge_meanstd": [
        3.648958444595337,
        2.735391855239868
      ],
      "inst_harm_meanstd": [
        6.747656345367432,
        2.05843448638916
      ]
    },
    {
      "alpha": 1.0,
      "base_edge_meanstd": [
        -0.885937511920929,
        1.1156632900238037
      ],
      "base_harm_meanstd": [
        -0.64453125,
        0.9928746819496155
      ],
      "inst_edge_meanstd": [
        4.019791603088379,
        2.692981243133545
      ],
      "inst_harm_meanstd": [
        7.071093559265137,
        2.020808458328247
      ]
    },
    {
      "alpha": 2.0,
      "base_edge_meanstd": [
        -0.5703125,
        1.1154853105545044
      ],
      "base_harm_meanstd": [
        -0.35234373807907104,
        0.9916272163391113
      ],
      "inst_edge_meanstd": [
        4.376041889190674,
        2.6496853828430176
      ],
      "inst_harm_meanstd": [
        7.364843845367432,
        1.9808517694473267
      ]
    },
    {
      "alpha": 4.0,
      "base_edge_meanstd": [
        0.09218750149011612,
        1.1235222816467285
      ],
      "base_harm_meanstd": [
        0.25859373807907104,
        0.9963185787200928
      ],
      "inst_edge_meanstd": [
        5.089583396911621,
        2.566469669342041
      ],
      "inst_harm_meanstd": [
        7.9609375,
        1.9330435991287231
      ]
    },
    {
      "alpha": 6.0,
      "base_edge_meanstd": [
        0.7255208492279053,
        1.1398411989212036
      ],
      "base_harm_meanstd": [
        0.828906238079071,
        0.9916025996208191
      ],
      "inst_edge_meanstd": [
        5.738541603088379,
        2.474991798400879
      ],
      "inst_harm_meanstd": [
        8.510156631469727,
        1.866162657737732
      ]
    }
  ]
}