{
  "layer": 20,
  "site": "hook_resid_pre",
  "hook_name": "blocks.20.hook_resid_pre",
  "pos": -1,
  "system": "You are a helpful assistant.",
  "alphas": [
    -6.0,
    -4.0,
    -2.0,
    -1.0,
    0.0,
    1.0,
    2.0,
    4.0,
    6.0
  ],
  "direction_norm": 0.9999999403953552,
  "direction_pre_norm": 12.812821388244629,
  "balanced_selection": {
    "method": "top/bottom by s_inst (edge prompts)",
    "top_n": 30,
    "bottom_n": 30,
    "scores_source": "runs/qwen25_scores.csv",
    "top_ids": [
      "e064",
      "e054",
      "e008",
      "e017",
      "e012",
      "e065",
      "e020",
      "e092",
      "e033",
      "e077",
      "e087",
      "e066",
      "e050",
      "e061",
      "e067",
      "e119",
      "e053",
      "e057",
      "e068",
      "e104",
      "e109",
      "e001",
      "e003",
      "e114",
      "e100",
      "e014",
      "e071",
      "e086",
      "e113",
      "e059"
    ],
    "bottom_ids": [
      "e055",
      "e078",
      "e118",
      "e094",
      "e026",
      "e120",
      "e063",
      "e031",
      "e042",
      "e075",
      "e105",
      "e032",
      "e048",
      "e062",
      "e115",
      "e021",
      "e069",
      "e070",
      "e093",
      "e116",
      "e091",
      "e005",
      "e002",
      "e038",
      "e096",
      "e073",
      "e010",
      "e083",
      "e088",
      "e095"
    ],
    "top_s_inst_minmax": [
      5.875,
      10.0625
    ],
    "bottom_s_inst_minmax": [
      -2.5,
      1.375
    ]
  },
  "counts": {
    "edge": 120,
    "harmful": 80
  },
  "results": [
    {
      "alpha": -6.0,
      "base_edge_meanstd": [
        -3.3302083015441895,
        1.1015475988388062
      ],
      "base_harm_meanstd": [
        -2.917187452316284,
        1.0501011610031128
      ],
      "inst_edge_meanstd": [
        0.760937511920929,
        2.917670965194702
      ],
      "inst_harm_meanstd": [
        4.228125095367432,
        2.3391642570495605
      ]
    },
    {
      "alpha": -4.0,
      "base_edge_meanstd": [
        -2.635937452316284,
        1.0986323356628418
      ],
      "base_harm_meanstd": [
        -2.278515577316284,
        1.043923020362854
      ],
      "inst_edge_meanstd": [
        1.740625023841858,
        2.889880418777466
      ],
      "inst_harm_meanstd": [
        5.107031345367432,
        2.2515227794647217
      ]
    },
    {
      "alpha": -2.0,
      "base_edge_meanstd": [
        -1.935937523841858,
        1.10775887966156
      ],
      "base_harm_meanstd": [
        -1.6257812976837158,
        1.0256235599517822
      ],
      "inst_edge_meanstd": [
        2.707812547683716,
        2.830430746078491
      ],
      "inst_harm_meanstd": [
        5.949999809265137,
        2.1558966636657715
      ]
    },
    {
      "alpha": -1.0,
      "base_edge_meanstd": [
        -1.5854166746139526,
        1.1080886125564575
      ],
      "base_harm_meanstd": [
        -1.29296875,
        1.0028082132339478
      ],
      "inst_edge_meanstd": [
        3.184375047683716,
        2.774334192276001
      ],
      "inst_harm_meanstd": [
        6.360156059265137,
        2.1067285537719727
      ]
    },
    {
      "alpha": 0.0,
      "base_edge_meanstd": [
        -1.2322916984558105,
        1.115328311920166
      ],
      "base_harm_meanstd": [
        -0.964062511920929,
        0.9971529245376587
      ],
      "inst_edge_meanstd": [
        3.648958444595337,
        2.735391855239868
      ],
      "inst_harm_meanstd": [
        6.747656345367432,
        2.05843448638916
      ]
    },
    {
      "alpha": 1.0,
      "base_edge_meanstd": [
        -0.8783854246139526,
        1.11739182472229
      ],
      "base_harm_meanstd": [
        -0.6195312738418579,
        0.982025682926178
      ],
      "inst_edge_meanstd": [
        4.094791889190674,
        2.674069881439209
      ],
      "inst_harm_meanstd": [
        7.13671875,
        2.0073862075805664
      ]
    },
    {
      "alpha": 2.0,
      "base_edge_meanstd": [
        -0.53125,
        1.1159064769744873
      ],
      "base_harm_meanstd": [
        -0.29218751192092896,
        0.9811592102050781
      ],
      "inst_edge_meanstd": [
        4.520833492279053,
        2.6231186389923096
      ],
      "inst_harm_meanstd": [
        7.504687309265137,
        1.9828063249588013
      ]
    },
    {
      "alpha": 4.0,
      "base_edge_meanstd": [
        0.1588541716337204,
        1.120096206665039
      ],
      "base_harm_meanstd": [
        0.3695312440395355,
        0.9644153714179993
      ],
      "inst_edge_meanstd": [
        5.379166603088379,
        2.4799158573150635
      ],
      "inst_harm_meanstd": [
        8.212499618530273,
        1.8995168209075928
      ]
    },
    {
      "alpha": 6.0,
      "base_edge_meanstd": [
        0.8372395634651184,
        1.1183316707611084
      ],
      "base_harm_meanstd": [
        1.017187476158142,
        0.9382796287536621
      ],
      "inst_edge_meanstd": [
        6.1463541984558105,
        2.348238706588745
      ],
      "inst_harm_meanstd": [
        8.86328125,
        1.8372527360916138
      ]
    }
  ]
}